id,title,price,recommended_filename_by_id,recommended_filename_by_title
814e3fba-38ce-47d5-b554-9e6b26c6eb58,"Marido ""Pobre"" Era Bilionário",0.00,814e3fba-38ce-47d5-b554-9e6b26c6eb58.mp4,"Marido ""Pobre"" Era Bilionário.mp4"
e9ea003f-36fd-4fa7-bb3b-6a8cef7fee15,O Quaterback Perdido Retorna,0.00,e9ea003f-36fd-4fa7-bb3b-6a8cef7fee15.mp4,O Quaterback Perdido Retorna.mp4
e991a1ab-9420-482f-9200-3fd6dc616ef6,Para Sempre Ao Seu Lado (Dublado E Legendado Pt-Br),0.00,e991a1ab-9420-482f-9200-3fd6dc616ef6.mp4,Para Sempre Ao Seu Lado (Dublado E Legendado Pt-Br).mp4
180aa764-8fb4-4b8f-a543-cbef94dfa88c,Mimada ao Extremo,5.90,180aa764-8fb4-4b8f-a543-cbef94dfa88c.mp4,Mimada ao Extremo.mp4
af4d0877-d149-43df-b44b-32e566cb8ea5,Noiva Virgem do Alfa (Dublado),5.90,af4d0877-d149-43df-b44b-32e566cb8ea5.mp4,Noiva Virgem do Alfa (Dublado).mp4
4588c665-b141-49c9-99a4-b78a6b5de149,Goleada Pelo Rival Do Meu Irmão (Dublado),5.90,4588c665-b141-49c9-99a4-b78a6b5de149.mp4,Goleada Pelo Rival Do Meu Irmão (Dublado).mp4
68df3824-dc2c-41f4-8772-73a8b7b831e0,Sem Escapatória do Abraço do Rei Mafioso,5.90,68df3824-dc2c-41f4-8772-73a8b7b831e0.mp4,Sem Escapatória do Abraço do Rei Mafioso.mp4
a78c0773-fc23-41c2-bb96-c2015196e475,Beijando O Irmão Errado (Dublado e Legendado Pt-Br),5.90,a78c0773-fc23-41c2-bb96-c2015196e475.mp4,Beijando O Irmão Errado (Dublado e Legendado Pt-Br).mp4
45cbfa16-24f0-4dfd-9c62-f49642035c8e,Meu Amor Secreto É O Seu Irmão (Legendado PT- BR),5.90,45cbfa16-24f0-4dfd-9c62-f49642035c8e.mp4,Meu Amor Secreto É O Seu Irmão (Legendado PT- BR).mp4
59d141b7-ee24-4ca3-962b-f0107102e97d,Meu Crush Acha Que Eu Sou Seu Mano (Legendado Pt-Br),5.90,59d141b7-ee24-4ca3-962b-f0107102e97d.mp4,Meu Crush Acha Que Eu Sou Seu Mano (Legendado Pt-Br).mp4
c4692345-7f38-4c6f-b704-04cf8e08271d,Reinvindicada pelo Irmão Alfa do Meu Ex (Legendado PT-BR),5.90,c4692345-7f38-4c6f-b704-04cf8e08271d.mp4,Reinvindicada pelo Irmão Alfa do Meu Ex (Legendado PT-BR).mp4
ae43cd54-6628-4863-baef-a3ed16d49644,Domando meu Bullies (DUBLADO PT-BR),5.90,ae43cd54-6628-4863-baef-a3ed16d49644.mp4,Domando meu Bullies (DUBLADO PT-BR).mp4
10acf812-c3f1-4d5e-bcda-a2f162f7f5e3,Beijada por Garras e Presas (Dublado PT-BR),5.90,10acf812-c3f1-4d5e-bcda-a2f162f7f5e3.mp4,Beijada por Garras e Presas (Dublado PT-BR).mp4
6f877e38-c34f-4874-96a2-8cb300e4e168,Encontrei Um Marido Bilionário E Sem Teto Para O Natal,5.90,6f877e38-c34f-4874-96a2-8cb300e4e168.mp4,Encontrei Um Marido Bilionário E Sem Teto Para O Natal.mp4
2ecd6c2a-44b3-4fd2-a98e-f98f9ae56004,Coroa Na Poeira- A Ira Imperial (LEGENDADO PT-BR),5.90,2ecd6c2a-44b3-4fd2-a98e-f98f9ae56004.mp4,Coroa Na Poeira- A Ira Imperial (LEGENDADO PT-BR).mp4
57959b74-900a-4e5c-9f12-063f576147b1,A Prometida do Príncipe Vampiro (Legendado PT-BR),5.90,57959b74-900a-4e5c-9f12-063f576147b1.mp4,A Prometida do Príncipe Vampiro (Legendado PT-BR).mp4
798c4fff-a244-4a46-aed1-eef02e25c76c,Um Negócio com Meu Doador Bilionário,5.90,798c4fff-a244-4a46-aed1-eef02e25c76c.mp4,Um Negócio com Meu Doador Bilionário.mp4
51e6de57-f10d-4064-b23f-6fcf41327cfe,Noiva de 90 dias da Máfia,5.90,51e6de57-f10d-4064-b23f-6fcf41327cfe.mp4,Noiva de 90 dias da Máfia.mp4
2f5efa10-ed3f-4328-865e-b4d488ffd0b9,O Segredo Sujo De Meu Meio- Irmão,5.90,2f5efa10-ed3f-4328-865e-b4d488ffd0b9.mp4,O Segredo Sujo De Meu Meio- Irmão.mp4
